id,node
1,_pjames_
2,_pmkr
3,1Biotensegrity
4,41mikes
5,abbaskins
6,AbelOtuya
7,aboufade
8,AbsurdistPedant
9,Acertaintom
10,achambertloir
11,AIMathematics
12,AJ72826261
13,AlBell42017
14,AlbertTLunde
15,AlexandraBerke
16,AlexGalarce
17,AlexPHoover
18,AlexYarosh
19,algebrandis
20,AliciaPL25
21,amermathsoc
22,AmstatNews
23,anitochdz
24,anna_c_nelson
25,annakmil
26,annarden
27,AnnClifton9
28,ArcheyDawn
29,ArisWinger
30,arretsurimages
31,arsuaga3
32,ash_wee_k
33,askmrsmartinez
34,astrojipjawej
35,Atabey_Kaygun
36,Audrey_Mendivil
37,AuroraBirdialis
38,awmadvance
39,AWMmath
40,BarbaraFantechi
41,BarbaraJaneGunn
42,bat_scholar
43,bearboyf
44,belladoesmath
45,BenisConsumer
46,benjamindickman
47,BikeMath
48,BillOpenmind
49,BioQUESTed
50,blkmathmagic
51,blviray
52,BmcChem
53,bmgilland
54,BrandauerJ
55,BresockCalculus
56,Cal_Q_L8
57,callin_bull
58,CardColm
59,Category_Fury
60,cath2math
61,Cayleygrapher
62,ccshan
63,CecileMichaut
64,CengageLearning
65,CeritDr
66,ChengSoonOng
67,ChristianJaeh
68,cjp_still
69,CKalinecCraig
70,ClaudioJacobo
71,complainerstore
72,ComplexWales
73,CompStatsGeom
74,con_nect_ed
75,cordesm
76,ctheobarker
77,dagan_karp
78,dana_neidinger
79,darrenglass
80,daveinstpaul
81,davewripley
82,davidwees
83,dbdoughe
84,declan_hoare
85,DeirdreM10
86,diazlopezmath
87,DingleTeach
88,DLeslieLancs
89,Doc_Kat
90,drbehardisty
91,DrBKirkpatrick
92,DrBrandyMath
93,DrClaireJanelle
94,DrErikaBullock
95,DrHenryGarrett
96,drjamesalvarez
97,DrMRLD
98,dropoutnation
99,drspoulsen
100,dtkung
101,duanecoop
102,ecology_chris
103,EdsiNetwork
104,ef_math
105,ElieNYC
106,elizabethmunch
107,EllisMathEd
108,emilyriehl
109,EmilyTWinn13
110,Enchilaudanum
111,ErikaTCamacho
112,eringriffin003
113,ESMathTeacher
114,eterEphemeral
115,evainfeld
116,evelynjlamb
117,EWhitteck
118,eyescientific
119,f_futamura
120,FedericoArdila
121,FidgeyB
122,FiveThirtyEight
123,FolaAgusto
124,fra_berni
125,fraarici
126,frontLahn
127,G2Campbell
128,GaryAdolphson
129,geonz
130,gitanjalivi
131,GizemKaraali_
132,gleuschk
133,GlobalMathDept
134,GoodsiePhD
135,GuldenKarakok
136,hannahfenster93
137,HaydeeLindo
138,heidifessenden
139,HeyHeresSteve
140,HigherGeometer
141,HirokiSayama
142,holom0rph
143,howe
144,HthrLynnJ
145,HZinnbrooks
146,ilaba
147,ilana_horn
148,ipnosimmia
149,itatiVCS
150,j_lanier
151,jackrsturm
152,jacksonfulton2
153,jacksonmorris_
154,JadeMasterMath
155,jajensen681
156,jasonemiller
157,JasonWilliamsNY
158,JeffGraham15
159,jen_loescher
160,jennalaib
161,jensilvermath
162,jessalynalyn
163,JessieLenarz
164,jmm2021
165,JoannaWares
166,JoFerMedina
167,JohannaF_math
168,JointMath
169,JookieTookie
170,joshlaison
171,joshuagrochow
172,joshuazucker
173,jrlookingbill
174,JSEllenberg
175,JustJules2
176,KamerynJW
177,karikokka
178,karin_leiderman
179,katebelin
180,katemath
181,kay314159
182,kellydholstine
183,kellyyyruth
184,kenandoesmath
185,kim_yoak
186,KJMDPhD
187,kmkinnaird
188,kneppkatt
189,KristinePelatt
190,KristinLauter
191,KyJmd
192,Laelia_Ve
193,LauraVHawkins
194,libbyk_
195,LisaSkultety
196,LoboWithACause
197,logicians
198,LogPhilosophica
199,loumatthewslive
200,lpachter
201,maanow
202,MaggitaCampos
203,mahrudsay
204,malagonmath
205,MaliciousNoise
206,MaraStone2016
207,mariss_spear7
208,MarissaKawehi
209,MarissaRenardy
210,Marki_MD
211,maryepilgrim
212,MathAndCobb
213,mathbabedotorg
214,mathcourtney
215,MathDeptUTK
216,mathdr91
217,mathemactivist
218,mathematigal
219,mathhombre
220,mathillustrated
221,MathmoClaire
222,mathmodeling
223,mathprofcarrie
224,MathTeacherJH
225,mathvsoldage
226,Mathy_Jessica
227,mathyadriana
228,mathyawp
229,mathzorro
230,matienda
231,MattBoelkins
232,matthematician
233,matthewando
234,mayli
235,MBarany
236,MerGreer
237,Methemedantics
238,Miles_Ott
239,MiraWaddle
240,MitchKeller
241,mmcdermo
242,mnemognose
243,Moni_deni
244,monsoon0
245,Morehouse
246,morvjn
247,mostnerdy
248,MrFink314
249,MrLeiss
250,mrweathers
251,MsFnstlua
252,mZargham
253,NalinPithwa
254,nancyekress
255,NanehApkarian
256,nchipps
257,NCTM
258,NeedhiBhalla
259,NEON_sci
260,NepantlaTC
261,NewBayes
262,NMPinonCoffee
263,noellebeckman
264,notnotneil
265,NSFINCLUDESHub
266,numberdance
267,nwrmbing
268,ONUMathStat
269,OSUSocStEd
270,paaiiigeee
271,PamHarris1128
272,PatternAvoider
273,paultpearson
274,PhilChodrow
275,PoonehSabouri
276,priyam886
277,ProfNoodlearms
278,ptwiddle
279,pwr2dppl
280,QCohBeef
281,QED_nerds
282,qsideinstitute
283,QuantumP7
284,quaternion_j
285,qubeshub
286,R2D2mah
287,RachelleDeCoste
288,rdomagalski
289,realUNIVfrance
290,redneurons
291,ResearchWrigley
292,RG1gal
293,rhondajohughes
294,RicciFlat
295,rich_homie_kuan
296,RissaChem
297,rmathematicus
298,RobEbymathdude
299,robertkessler
300,robertqberry
301,robinelgenubi
302,roger_mansuy
303,RomanMathquez
304,rsachsgmu
305,RubenAMartinezA
306,ruha9
307,ryanprior
308,RyneVanK
309,sajinkoroth
310,Sam71244027
311,samit_dasgupta
312,samjshah2
313,sandi_clement
314,saracharala
315,sarah_bockting
316,sbagley
317,Shelby_M_Scott
318,SherlockpHolmes
319,shivfesta
320,Shugars
321,SineOutlook
322,sister_stem
323,siwelwerd
324,SJMathematics
325,sleepymathgrl
326,SoledadVillar5
327,sophgermain
328,ssnewbery
329,suburbanlion
330,sunstoneUU
331,superyarn
332,susan_dagostino
333,susmcgowan
334,SuzanneSindi
335,SwipeWright
336,swirlgirl31415
337,teachnext_tmb
338,tealismaking
339,teehee_sarah
340,Thalesdisciple
341,thebasepoint
342,thecaligarmo
343,ThembaletuMbang
344,thewordninja_bk
345,timchartier
346,timhsuSF
347,todosmath
348,topologybee
349,topolojack
350,trans_versality
351,Trianglemancsd
352,twistor
353,twonth
354,TyLKelly
355,uchicagogsu
356,UNMLoboMBB
357,USpeaks
358,uvmmathstats
359,vacuou5ly_tru3
360,Vaguery
361,valeriadepaiva
362,vanessaarceliaa
363,vanessainstem
364,vianey_lb
365,victorerikray
366,VictorPiercey1
367,vindas_melendez
368,virtualcourtney
369,VRiveraQPhD
370,WanderingPoint
371,washcoll
372,weinburd
373,wizard2048
374,wokewahlberg
375,WolverKeith
376,xanderfaber
377,XCatepillan
378,XenaProject
379,xl772
380,York_CDM
381,youngstownstate
382,YouTube
383,Zoe_MM
